{
    "a":9.3372, 
    "e": 0.0151, 
    "mp": 0.64185, 
    "ms": 0.000108, 
    "i": 1.082, 
    "r0": 3.394, 
    "speed": 0, 
    "Tp": 24.622962, 
    "time_integration": -3
}